Title,URL
Free Prompt Engineering Course with Certificate for …,https://www.simplilearn.com/prompt-engineering-free-course-skillup
Free Prompt Engineering Course with Certificate,https://www.mygreatlearning.com/academy/learn-for-free/courses/prompt-engineering-for-chatgpt
ChatGPT Prompt Engineering ( Free Course ) - Udemy,https://www.udemy.com/course/chatgpt-prompt-engineering-free-course/
The 10 Best Free Prompt Engineering Courses,https://medium.com/@maximilian.vogel/the-10-best-free-prompt-engineering-courses-resources-for-chatgpt-midjourney-co-dd1865d4ad13
ChatGPT Prompt Engineering for Developers,https://www.deeplearning.ai/short-courses/chatgpt-prompt-engineering-for-developers/
Learn Prompt Engineering – Full Course - freeCodeCamp.org,https://www.freecodecamp.org/news/learn-prompt-engineering-full-course/
25+ Free Prompt Engineering Courses for beginners [2025 JUN],https://coursesity.com/free-tutorials-learn/prompt-engineering
Basics of Prompt Engineering | Free Online Course | Alison,https://alison.com/course/basics-of-prompt-engineering
Free Prompt Engineering Course – Master AI Prompting & LLMs,https://futurecoding.ai/course-series/prompting
Prompt Engineering for ChatGPT - Coursera,https://www.coursera.org/learn/prompt-engineering
Complete Prompt Engineering Course | No Coding …,https://promptengineering.org/learn/
FREE Course → Prompt Engineering Mastery · AI …,https://www.skool.com/ai-automation-society/free-course-prompt-engineering-mastery
Free Prompt Engineering Applications Course Online - Simplilearn,https://www.simplilearn.com/prompt-engineering-applications-course-skillup
Generative AI: Prompt Engineering Basics - Coursera,https://www.coursera.org/learn/generative-ai-prompt-engineering-for-everyone
Prompt Engineering Guide: The Ultimate Guide to Generative AI,https://learnprompting.org/docs/introduction
10 Best Online Prompt Engineering Courses [Free & Paid] with …,https://learnprompting.org/blog/prompt_engineering_courses
Google Prompting Essentials - Grow with Google,https://grow.google/prompting-essentials/
Prompt Engineering - Coursera,https://www.coursera.org/specializations/prompt-engineering
Free Prompt Engineering Online Course - GitHub,https://github.com/thinkingjimmy/Learning-Prompt
Top 7 Free Prompt Engineering Courses and …,https://www.analyticsvidhya.com/blog/2024/03/free-chatgpt-prompt-engineering-courses-and-resources/
Learn Prompting: Your Guide to Communicating with AI,https://learnprompting.org/
Top Free Prompt Engineering Courses Online in 2025 - United …,https://unb.com.bd/category/Tech/top-free-prompt-engineering-courses-online-in-2025/151466
Prompt Engineering with Copilot: Master AI Prompts - Simplilearn,https://www.simplilearn.com/free-copilot-prompt-engineering-course-skillup
Advanced Prompt Engineering Course | upGrad Free Courses,https://www.upgrad.com/free-courses/chatgpt-and-ai/advanced-prompt-engineering-course-free-with-chatgpt/
The 19 Best Free Prompt Engineering Courses (AI Skills) - Your …,https://yourdreamai.com/best-free-prompt-engineering-courses/
10 Free AI and Prompt Engineering Courses For Students,https://techtheworld.net/2024/12/11/10-free-ai-and-prompt-engineering-courses-for-students/
6 Prompt Engineering Courses: Free Training for Beginners - eWeek,https://www.eweek.com/artificial-intelligence/prompt-engineering-courses-free/
5 Free Courses for Mastering Prompt Engineering - CMSWire.com,https://www.cmswire.com/digital-experience/top-5-free-prompt-engineering-courses/
Best Prompt Engineering Courses & Certificates …,https://www.coursera.org/courses?query=prompt%20engineering
Learn Prompting: Your Guide to Communicating with AI,https://learnprompting.org/courses
Prompt Engineering for Everyone course - Cognitive …,https://cognitiveclass.ai/courses/prompt-engineering-for-everyone
10 Best Prompt Engineering Courses [2025] - GeeksforGeeks,https://www.geeksforgeeks.org/best-prompt-engineering-courses/
Advanced Prompt Engineering - Learn Prompting,https://learnprompting.org/courses/advanced-prompt-engineering
8 Best Free Prompt Engineering Courses [JAN 2025],https://coursesity.com/blog/best-prompt-engineering-courses/
Free Generative AI and Prompt Engineering Courses - Open …,https://opendatascience.com/5-free-resources-to-learn-generative-ai-and-prompt-engineering/
Welcome Aboard - Prompt Engineering,https://promptengineering.org/welcome-2/
IBM: Introduction to Prompt Engineering - edX,https://www.edx.org/learn/artificial-intelligence/ibm-introduction-to-prompt-engineering
10 Best Prompt Engineering Courses (June 2025),https://www.unite.ai/prompt-engineering-courses/
Advanced Prompt Engineering for Everyone - Coursera,https://www.coursera.org/learn/advanced-prompt-engineering-for-everyone
Free Prompt Engineering Tutorial - Prompt Engineering (Free Course…,https://www.udemy.com/course/prompt-engineering-free-course/
"Vanderbilt launches free online ChatGPT course, shaping the …",https://news.vanderbilt.edu/2023/05/24/vanderbilt-launches-free-online-chatgpt-course-shaping-the-future-of-ai-education/
8 Best Prompt Engineering Courses (Free & Paid) - Beebom,https://beebom.com/best-prompt-engineering-courses/
The 10 best free prompt engineering courses & resources for …,https://blog.big-picture.com/en/the-10-best-free-prompt-engineering-courses-resources-for-chatgpt-midjourney-co/
Prompt Engineering for Generative AI | Machine Learning,https://developers.google.com/machine-learning/resources/prompt-eng
Self-paced digital training on AWS - AWS Skill Builder,https://explore.skillbuilder.aws/learn/course/external/view/elearning/17763/foundations-of-prompt-engineering
